{"cameraMode":{"drawMode":0,"name":"Shaded","section":"Shading Mode"},"sceneLighting":false,"audioPlay":false,"sceneViewState":{"m_AlwaysRefresh":false,"showFog":true,"showSkybox":false,"showFlares":true,"showImageEffects":true,"showParticleSystems":true,"showVisualEffectGraphs":true,"m_FxEnabled":true},"in2DMode":false,"pivot":{"x":0.6640094518661499,"y":0.34312012791633608,"z":-0.9087902307510376},"rotation":{"x":-0.09189213812351227,"y":0.2261396199464798,"z":-0.02144968882203102,"w":-0.9695428609848023},"size":0.2635357975959778,"orthographic":false}