{"cameraMode":{"drawMode":0,"name":"Shaded","section":"Shading Mode"},"sceneLighting":false,"audioPlay":false,"sceneViewState":{"m_AlwaysRefresh":false,"showFog":true,"showSkybox":false,"showFlares":true,"showImageEffects":true,"showParticleSystems":true,"showVisualEffectGraphs":true,"m_FxEnabled":true},"in2DMode":false,"pivot":{"x":-5.738465309143066,"y":5.405314922332764,"z":10.673562049865723},"rotation":{"x":0.01385476440191269,"y":-0.9849891066551209,"z":0.14314842224121095,"w":0.09608975797891617},"size":0.011358547024428845,"orthographic":false}