{"cameraMode":{"drawMode":0,"name":"Shaded","section":"Shading Mode"},"sceneLighting":false,"audioPlay":false,"sceneViewState":{"m_AlwaysRefresh":false,"showFog":true,"showSkybox":false,"showFlares":true,"showImageEffects":true,"showParticleSystems":true,"showVisualEffectGraphs":true,"m_FxEnabled":true},"in2DMode":false,"pivot":{"x":-3.0178489685058595,"y":4.910756587982178,"z":11.066519737243653},"rotation":{"x":0.036447372287511829,"y":0.9636757373809815,"z":-0.1921239197254181,"w":0.18216824531555177},"size":1.0377682447433472,"orthographic":false}