{"cameraMode":{"drawMode":0,"name":"Shaded","section":"Shading Mode"},"sceneLighting":false,"audioPlay":false,"sceneViewState":{"m_AlwaysRefresh":false,"showFog":true,"showSkybox":false,"showFlares":true,"showImageEffects":true,"showParticleSystems":true,"showVisualEffectGraphs":true,"m_FxEnabled":true},"in2DMode":false,"pivot":{"x":0.2083711177110672,"y":-0.15074577927589417,"z":0.6207090616226196},"rotation":{"x":-0.008734753355383873,"y":0.7994420528411865,"z":0.011813097633421421,"w":0.6006497144699097},"size":1.1143666505813599,"orthographic":false}