{"cameraMode":{"drawMode":0,"name":"Shaded","section":"Shading Mode"},"sceneLighting":false,"audioPlay":false,"sceneViewState":{"m_AlwaysRefresh":false,"showFog":true,"showSkybox":false,"showFlares":true,"showImageEffects":true,"showParticleSystems":true,"showVisualEffectGraphs":true,"m_FxEnabled":true},"in2DMode":false,"pivot":{"x":0.5667657852172852,"y":0.03089141845703125,"z":0.2549234628677368},"rotation":{"x":-0.1129651889204979,"y":-0.8481264114379883,"z":0.20081907510757447,"w":-0.47706958651542666},"size":1.4825259447097779,"orthographic":false}