{"cameraMode":{"drawMode":0,"name":"Shaded","section":"Shading Mode"},"sceneLighting":false,"audioPlay":false,"sceneViewState":{"m_AlwaysRefresh":false,"showFog":true,"showSkybox":false,"showFlares":true,"showImageEffects":true,"showParticleSystems":true,"showVisualEffectGraphs":true,"m_FxEnabled":true},"in2DMode":false,"pivot":{"x":0.6306452751159668,"y":0.7162612676620483,"z":-1.2101738452911378},"rotation":{"x":0.0058424766175448898,"y":-0.9759522676467896,"z":0.02635653130710125,"w":0.21630731225013734},"size":2.1677608489990236,"orthographic":false}