{"cameraMode":{"drawMode":0,"name":"Shaded","section":"Shading Mode"},"sceneLighting":false,"audioPlay":false,"sceneViewState":{"m_AlwaysRefresh":false,"showFog":true,"showSkybox":false,"showFlares":true,"showImageEffects":true,"showParticleSystems":true,"showVisualEffectGraphs":true,"m_FxEnabled":true},"in2DMode":false,"pivot":{"x":541.017822265625,"y":260.38800048828127,"z":10.53596305847168},"rotation":{"x":-0.0034495126456022264,"y":0.9876155853271484,"z":-0.15533028542995454,"w":-0.021931961178779603},"size":1.2633041143417359,"orthographic":false}