{"cameraMode":{"drawMode":0,"name":"Shaded","section":"Shading Mode"},"sceneLighting":false,"audioPlay":false,"sceneViewState":{"m_AlwaysRefresh":false,"showFog":true,"showSkybox":false,"showFlares":true,"showImageEffects":true,"showParticleSystems":true,"showVisualEffectGraphs":true,"m_FxEnabled":true},"in2DMode":false,"pivot":{"x":-0.2509995400905609,"y":-0.06194412708282471,"z":1.5469495058059693},"rotation":{"x":-0.025417109951376916,"y":0.07904238253831864,"z":-0.002031397307291627,"w":-0.9965740442276001},"size":1.2297559976577759,"orthographic":false}