{"cameraMode":{"drawMode":0,"name":"Shaded","section":"Shading Mode"},"sceneLighting":true,"audioPlay":false,"sceneViewState":{"m_AlwaysRefresh":false,"showFog":true,"showSkybox":true,"showFlares":true,"showImageEffects":true,"showParticleSystems":true,"showVisualEffectGraphs":true,"m_FxEnabled":true},"in2DMode":false,"pivot":{"x":6.300675868988037,"y":6.343660354614258,"z":-5.010648727416992},"rotation":{"x":-0.034788958728313449,"y":0.8673434257507324,"z":-0.06125399097800255,"w":-0.492756187915802},"size":0.009949968196451664,"orthographic":false}