{"cameraMode":{"drawMode":0,"name":"Shaded","section":"Shading Mode"},"sceneLighting":true,"audioPlay":false,"sceneViewState":{"m_AlwaysRefresh":false,"showFog":true,"showSkybox":true,"showFlares":true,"showImageEffects":true,"showParticleSystems":true,"showVisualEffectGraphs":true,"m_FxEnabled":true},"in2DMode":false,"pivot":{"x":2.7054200172424318,"y":5.0588788986206059,"z":13.469131469726563},"rotation":{"x":0.010236374102532864,"y":-0.5217969417572022,"z":0.006261850707232952,"w":0.8529857397079468},"size":1.2658648490905762,"orthographic":false}